{
  "headers": [
    {
      "source": "/(.*)",
      "headers": [
        { "key": "X-Frame-Options", "value": "SAMEORIGIN" },
        { "key": "X-Content-Type-Options", "value": "nosniff" },
        { "key": "X-XSS-Protection", "value": "1; mode=block" },
        { "key": "Referrer-Policy", "value": "strict-origin-when-cross-origin" }
      ]
    },
    {
      "source": "/icons/(.*)",
      "headers": [
        { "key": "Cache-Control", "value": "public, max-age=2592000" }
      ]
    },
    {
      "source": "/sw.js",
      "headers": [
        { "key": "Cache-Control", "value": "no-cache, no-store, must-revalidate" }
      ]
    }
  ],
  "rewrites": [
    { "source": "/(.*)", "destination": "/index.html" }
  ]
}
